RH[%],Water Uptake [kg kg-1]
0.9132990448199853,0.48146128680479827
0.8038207200587802,0.43620501635768816
0.5988243938280675,0.3871319520174482
0.5033063923585599,0.37404580152671757
0.446730345334313,0.3647764449291167
0.4004408523144746,0.3495092693565976
0.3468038207200588,0.2808069792802617
0.2975753122703894,0.15703380588876772
0.2733284349742836,0.10032715376226826
0.24614254224834678,0.064340239912759
0.21160911094783247,0.04143947655398037
0.19544452608376192,0.0376226826608506
0.14180749448934607,0.025627044711014176
0.07714915503306392,0.015812431842966195
0.030859662013225566,0.009269356597600873
