RH[%],Water Uptake [kg kg-1]
0.8974358974358974,0.39649122807017545
0.8333333333333333,0.3842105263157895
0.7964743589743589,0.3859649122807018
0.7580128205128205,0.38333333333333336
0.6987179487179487,0.3815789473684211
0.6378205128205128,0.37543859649122807
0.5641025641025641,0.37105263157894736
0.4807692307692307,0.36403508771929827
0.4407051282051282,0.3631578947368421
0.41506410256410253,0.35964912280701755
0.375,0.3526315789473684
0.3333333333333333,0.3412280701754386
0.30608974358974356,0.32280701754385965
0.30288461538461536,0.31315789473684214
0.296474358974359,0.2807017543859649
0.29166666666666663,0.2482456140350877
0.29006410256410253,0.20964912280701756
0.28846153846153844,0.17894736842105263
0.28685897435897434,0.1412280701754386
0.2516025641025641,0.037719298245614034
0.21314102564102563,0.030701754385964914
0.16666666666666666,0.02368421052631579
0.1362179487179487,0.01842105263157895
0.11378205128205128,0.014035087719298246
0.08974358974358974,0.012280701754385965
0.049679487179487176,0.007017543859649123
