RH[%],Water Uptake [kg kg-1]
0.8971684053651267, 0.4406779661016949
0.8017883755588674, 0.435593220338983
0.7078986587183308, 0.4313559322033898
0.5916542473919523, 0.4271186440677966
0.47242921013412814, 0.42203389830508475
0.353204172876304, 0.4144067796610169
0.30700447093889716, 0.40932203389830507
0.2816691505216095, 0.4067796610169491
0.26229508196721313, 0.40338983050847455
0.23546944858420268, 0.39999999999999997
0.21013412816691504, 0.3966101694915254
0.18926974664679583, 0.3923728813559322
0.17883755588673622, 0.3889830508474576
0.16542473919523099, 0.3864406779661017
0.15350223546944858, 0.38220338983050844
0.14008941877794337, 0.3008474576271186
0.12816691505216096, 0.06186440677966101
0.11624441132637854, 0.05423728813559322
0.10432190760059612, 0.04745762711864407
0.09388971684053651, 0.04067796610169491
0.08047690014903129, 0.03559322033898305
0.06855439642324888, 0.030508474576271184
0.044709388971684055, 0.02288135593220339
0.020864381520119227, 0.011864406779661017
0.010432190760059613, 0.007627118644067796
