RH[%],Water Uptake [kg kg-1]
0.8951434878587197, 0.44728915662650603
0.8013245033112583, 0.4405120481927711
0.7064017660044151, 0.4329819277108434
0.6125827814569537, 0.42620481927710846
0.5165562913907285, 0.42018072289156627
0.4271523178807947, 0.4096385542168675
0.3543046357615894, 0.401355421686747
0.2847682119205298, 0.3908132530120482
0.271523178807947, 0.38930722891566266
0.25938189845474613, 0.3862951807228916
0.24724061810154524, 0.38253012048192775
0.23399558498896247, 0.3787650602409639
0.2251655629139073, 0.375
0.2141280353200883, 0.3682228915662651
0.1997792494481236, 0.35768072289156627
0.18543046357615894, 0.26957831325301207
0.17439293598233996, 0.1897590361445783
0.16335540838852097, 0.17921686746987953
0.1401766004415011, 0.15436746987951808
0.11810154525386314, 0.13253012048192772
0.0739514348785872, 0.10993975903614459
0.025386313465783666, 0.09412650602409639
0.011037527593818985, 0.0858433734939759
0.0011037527593818985, 0.0030120481927710845
